Proportion_of_deep_sleep,Proportion_of_awake_time,Total_duration,HRV,Sleep_score
-1.37,2.96,0.88,1.63,-0.8
-0.65,1.06,1.86,-0.8,0.03
1.66,0.43,-1.23,0.53,-0.8
-1.09,-0.2,0.57,0.83,0.03
0.5,-0.2,0.37,-0.01,1.7
-1.52,1.06,0.5,0.58,-0.8
0.07,-0.2,0.11,-0.76,1.7
-0.65,-0.2,3.41,-0.56,0.03
-0.51,-0.2,2.58,0.68,0.87
0.36,0.43,0.53,-0.76,1.7
2.09,-0.84,0.63,-1.45,1.7
0.5,-0.2,-0.19,-1.5,1.7
1.08,-0.2,0.17,-0.56,1.7
0.79,-0.2,-0.44,0.19,-0.8
0.07,0.43,0.83,1.08,0.87
0.07,-0.2,1.4,0.58,1.7
-1.23,-0.2,-0.43,1.08,-0.8
-0.22,-0.2,-0.1,1.08,0.87
-1.23,-0.2,-0.71,1.78,-0.8
0.5,0.43,-0.03,1.48,1.7
-0.65,-0.2,-0.73,0.98,-0.8
-0.8,-0.2,0.5,-0.71,0.03
1.8,-0.84,-0.04,-0.26,0.87
1.8,-0.2,-0.64,0.73,-0.8
-0.22,-0.84,-0.86,0.44,-0.8
-0.65,-0.84,-0.52,1.38,-0.8
1.66,-1.47,-0.77,1.38,-0.8
-1.23,-0.2,-1.93,1.28,-0.8
-0.94,0.43,-0.3,0.83,-0.8
-0.08,-0.2,-0.44,0.68,-0.8
-0.8,-0.84,-0.68,-0.26,-0.8
-1.23,1.7,0.34,-0.66,-0.8
-0.65,-0.2,-0.3,-0.36,0.03
-0.65,-0.84,-0.59,-0.16,-0.8
1.08,3.59,1.63,-1.6,0.03
0.07,-0.2,1.89,0.63,0.87
0.36,-0.2,-0.32,-1.25,0.03
-0.51,2.96,-0.59,-1.3,-0.8
0.07,-0.2,-0.48,-1.4,-0.8
-0.22,-0.2,-1.31,1.18,-0.8
-1.95,-0.84,-0.84,1.23,-0.8
-0.94,0.43,-1.05,-0.11,-0.8
-1.23,0.43,0.27,-0.26,0.03
1.22,-1.47,-0.79,-1.15,-0.8
0.79,0.43,-0.88,-1,-0.8
0.94,-0.2,0.42,-1.15,1.7
1.22,-0.84,-0.56,-1.8,-0.8
0.94,-0.84,0.06,-0.8,1.7
0.94,-0.84,-0.73,-0.76,-0.8
0.65,-0.84,-0.48,-0.9,-0.8
